Symbol,Company,Sector,Industry,Price,PE,PB,ROE %,Debt/Equity,Profit Margin %,Revenue CAGR %,Net Income CAGR %,Margin Trend,Blended Fair Value,Est. Upside %,Valuation Models Used,Score,Rating,Valuation Pillar,Profitability Pillar,Stability Pillar,Growth Pillar,Upside Pillar,Strengths,PE Percentile (vs Sector),ROE Percentile (vs Sector),Score Rank (vs Sector)
INDIAMART,IndiaMART InterMESH Limited,Consumer Cyclical,Internet Retail,1605.3,19.615105,4.3490987,23.15,0.974,30.62,16.8,18.7,expanding,2405.11,49.8,2,79,🟢 STRONG BUY,5,20,11,25,15,"Excellent ROE (23.1%), High net margin (30.6%), Strong liquidity position, Strong revenue CAGR (16.8%)",18.51851851851852,100.0,1.0
MUTHOOTFIN,Muthoot Finance Limited,Financial Services,Credit Services,2654.4,9.3702345,2.6246884,31.74,393.56,55.5,38.0,43.1,unknown,3831.1,44.3,1,77,🟢 STRONG BUY,12,20,10,20,6,"Excellent ROE (31.7%), High net margin (55.5%), Leverage ratio not directly comparable (financial sector), Strong revenue CAGR (38.0%)",25.0,100.0,1.0
INFY,Infosys Limited,Technology,Information Technology Services,992.0,13.514986,4.33598,32.0,9.541,16.37,3.4,3.6,stable,1288.25,29.9,1,75,🟢 STRONG BUY,8,20,20,12,0,"Excellent ROE (32.0%), High net margin (16.4%), Very low debt, Strong liquidity position",18.75,87.5,1.0
WIPRO,Wipro Limited,Technology,Information Technology Services,159.6,12.676728,2.0377936,16.13,27.398,13.92,0.8,5.2,stable,281.79,76.6,2,73,🟢 BUY,17,13,20,8,6,"Attractive PEG ratio, Strong ROE (16.1%), Healthy net margin (13.9%), Very low debt",6.25,62.5,2.0
LUPIN,Lupin Limited,Healthcare,Drug Manufacturers - Specialty & Generic,2012.9,16.67274,4.0994506,0.0,29.388,18.45,19.1,131.5,expanding,3222.27,60.1,2,71,🟢 BUY,5,11,12,25,6,"High net margin (18.5%), Very low debt, Strong revenue CAGR (19.1%), Strong profit CAGR (131.5%)",4.3478260869565215,47.82608695652174,1.0
PFC,Power Finance Corporation Limited,Financial Services,Credit Services,325.55,4.1245403,0.75165313,0.0,536.837,54.48,16.2,17.7,contracting,1254.75,285.4,1,71,🟢 BUY,15,11,10,20,15,"Trading near/below book value, High net margin (54.5%), Leverage ratio not directly comparable (financial sector), Strong revenue CAGR (16.2%)",2.272727272727273,32.95454545454545,2.0
SBIN,State Bank of India,Financial Services,Banks - Regional,954.0,10.2250805,1.4158945,15.18,,22.38,12.2,14.4,unknown,1673.87,75.5,1,68,🟢 BUY,20,18,0,15,10,"Trading near/below book value, Attractive PEG ratio, Strong ROE (15.2%), High net margin (22.4%)",27.27272727272727,90.9090909090909,3.0
NMDC,NMDC Limited,Basic Materials,Steel,72.8,8.574795,1.875612,0.0,18.802,23.22,22.0,10.0,contracting,125.14,71.9,2,68,🟢 BUY,12,11,12,18,6,"High net margin (23.2%), Very low debt, Strong revenue CAGR (22.0%), Consistent YoY growth",5.88235294117647,51.42857142857142,1.0
NATIONALUM,National Aluminium Company Limited,Basic Materials,Aluminum,321.3,8.7404785,2.7310047,0.0,0.277,34.91,7.8,59.3,expanding,535.11,66.5,2,68,🟢 BUY,12,11,12,18,10,"High net margin (34.9%), Very low debt, Strong profit CAGR (59.3%), Margins expanding",8.823529411764707,51.42857142857142,1.0
KPITTECH,KPIT Technologies Limited,Technology,Software - Application,484.25,22.75611,3.7229378,0.0,23.624,8.84,24.3,18.7,expanding,669.18,38.2,2,67,🟢 BUY,9,6,12,25,15,"Healthy net margin (8.8%), Very low debt, Strong revenue CAGR (24.3%), Strong profit CAGR (18.7%)",37.5,31.25,3.0
AUROPHARMA,Aurobindo Pharma Limited,Healthcare,Drug Manufacturers - Specialty & Generic,1682.0,26.310026,2.5782084,0.0,21.31,10.63,10.7,22.1,expanding,2189.56,30.2,2,67,🟢 BUY,9,6,12,22,0,"Healthy net margin (10.6%), Very low debt, Healthy revenue CAGR (10.7%), Strong profit CAGR (22.1%)",17.391304347826086,47.82608695652174,2.0
M&M,Mahindra & Mahindra Limited,Consumer Cyclical,Auto Manufacturers,2800.0,17.045109,3.3612435,0.0,125.278,8.61,17.5,18.5,expanding,4354.03,55.5,1,66,🟢 BUY,14,6,3,25,0,"Attractive PEG ratio, Healthy net margin (8.6%), Strong revenue CAGR (17.5%), Strong profit CAGR (18.5%)",11.11111111111111,48.38709677419355,2.0
HUDCO,Housing and Urban Development Corporation Limited,Financial Services,Credit Services,161.79,7.6605105,1.4734302,0.0,645.775,90.68,10.0,33.3,unknown,328.4,103.0,1,66,🟢 BUY,15,11,10,15,15,"Trading near/below book value, High net margin (90.7%), Leverage ratio not directly comparable (financial sector), Healthy revenue CAGR (10.0%)",20.454545454545457,32.95454545454545,4.0
TCS,Tata Consultancy Services Limited,Technology,Information Technology Services,2080.3,15.11187,6.8653593,47.74,10.211,18.05,5.8,5.3,stable,2110.18,1.4,1,66,🟢 BUY,5,20,20,12,0,"Excellent ROE (47.7%), High net margin (18.1%), Very low debt, Strong liquidity position",25.0,93.75,4.0
LICHSGFIN,LIC Housing Finance Limited,Financial Services,Mortgage Finance,515.4,4.940094,0.68440765,0.0,642.522,65.18,10.3,24.7,unknown,1871.32,263.1,1,66,🟢 BUY,15,11,10,15,15,"Trading near/below book value, High net margin (65.2%), Leverage ratio not directly comparable (financial sector), Healthy revenue CAGR (10.3%)",6.8181818181818175,32.95454545454545,4.0
SUZLON,Suzlon Energy Limited,Industrials,Specialty Industrial Machinery,38.34,16.81579,5.390131,39.37,2.807,18.09,41.4,3.6,expanding,39.58,3.2,2,65,🟢 BUY,10,18,8,20,0,"Attractive PEG ratio, Excellent ROE (39.4%), High net margin (18.1%), High leverage",18.91891891891892,100.0,1.0
HDFCBANK,HDFC Bank Limited,Financial Services,Banks - Regional,702.75,15.360656,1.7844764,13.84,,26.79,16.9,12.5,unknown,1050.72,49.5,2,65,🟢 BUY,14,15,0,18,15,"Attractive PEG ratio, High net margin (26.8%), Strong revenue CAGR (16.9%), Consistent YoY growth",36.36363636363637,84.0909090909091,6.0
ICICIBANK,ICICI Bank Limited,Financial Services,Banks - Regional,1357.5,17.547829,2.5595,16.07,,27.53,18.1,16.8,unknown,1546.05,13.9,2,65,🟢 BUY,14,18,0,20,10,"Attractive PEG ratio, Strong ROE (16.1%), High net margin (27.5%), Strong revenue CAGR (18.1%)",43.18181818181818,95.45454545454545,6.0
AXISBANK,Axis Bank Limited,Financial Services,Banks - Regional,1242.5,13.913774,1.7315938,13.35,,36.03,12.2,34.6,unknown,1685.68,35.7,1,65,🟢 BUY,17,15,0,18,6,"Attractive PEG ratio, High net margin (36.0%), Healthy revenue CAGR (12.2%), Strong profit CAGR (34.6%)",34.090909090909086,79.54545454545455,6.0
SHRIRAMFIN,Shriram Finance Limited,Financial Services,Credit Services,948.0,16.740244,2.7059505,18.5,276.215,50.01,13.9,18.6,unknown,947.42,-0.1,1,64,🟢 BUY,9,18,10,18,0,"Strong ROE (18.5%), High net margin (50.0%), Leverage ratio not directly comparable (financial sector), Healthy revenue CAGR (13.9%)",38.63636363636363,97.72727272727273,9.0
RECLTD,REC Limited,Financial Services,Credit Services,298.9,4.9185452,0.9346554,0.0,607.463,68.89,14.4,13.5,unknown,949.59,217.7,1,63,🟢 BUY,15,11,10,12,15,"Trading near/below book value, High net margin (68.9%), Leverage ratio not directly comparable (financial sector), Healthy revenue CAGR (14.4%)",4.545454545454546,32.95454545454545,10.0
IRFC,Indian Railway Finance Corporation Limited,Financial Services,Credit Services,76.15,13.845455,1.752065,0.0,773.347,97.27,4.6,4.4,expanding,102.99,35.2,1,63,🟢 BUY,12,11,10,15,6,"High net margin (97.3%), Leverage ratio not directly comparable (financial sector), Consistent YoY growth, Margins expanding",31.818181818181817,32.95454545454545,10.0
JUSTDIAL,Just Dial Limited,Communication Services,Internet Content & Information,657.4,10.656509,1.094851,0.0,1.655,40.5,12.8,45.1,expanding,1392.7,111.8,2,63,🟢 BUY,15,11,0,22,15,"Trading near/below book value, High net margin (40.5%), High leverage, Healthy revenue CAGR (12.8%)",16.666666666666664,50.0,1.0
PNB,Punjab National Bank,Financial Services,Banks - Regional,114.59,5.9744525,0.8422391,14.97,,38.15,10.0,76.4,unknown,368.15,221.3,2,63,🟢 BUY,15,15,0,18,15,"Trading near/below book value, High net margin (38.1%), Healthy revenue CAGR (10.0%), Strong profit CAGR (76.4%)",11.363636363636363,88.63636363636364,10.0
OFSS,Oracle Financial Services Software Limited,Technology,Software - Infrastructure,10576.0,27.029928,13.293413,49.9,0.567,38.15,10.4,13.5,expanding,5951.91,-43.7,2,61,🟢 BUY,5,20,16,20,0,"Excellent ROE (49.9%), High net margin (38.2%), Manageable debt level, Strong liquidity position",62.5,100.0,5.0
MRF,MRF Limited,Consumer Cyclical,Auto Parts,123075.0,21.61334,2.4886277,0.0,15.288,7.58,10.6,46.7,expanding,183675.25,49.2,2,61,🟢 BUY,9,0,12,22,6,"Very low debt, Healthy revenue CAGR (10.6%), Strong profit CAGR (46.7%), Consistent YoY growth",22.22222222222222,48.38709677419355,3.0
MARUTI,Maruti Suzuki India Limited,Consumer Cyclical,Auto Manufacturers,11450.0,25.114605,3.3594785,0.0,0.096,7.27,15.9,21.1,stable,12634.15,10.3,2,61,🟢 BUY,14,0,12,22,0,"Attractive PEG ratio, Very low debt, Strong revenue CAGR (15.9%), Strong profit CAGR (21.1%)",29.629629629629626,48.38709677419355,3.0
HCLTECH,HCL Technologies Limited,Technology,Information Technology Services,1185.0,18.434973,4.344174,24.07,7.058,12.97,8.7,3.9,contracting,1283.47,8.3,2,61,🟢 BUY,5,15,20,12,0,"Excellent ROE (24.1%), Healthy net margin (13.0%), Very low debt, Strong liquidity position",31.25,75.0,5.0
COALINDIA,Coal India Limited,Energy,Thermal Coal,414.5,8.186846,2.1445572,0.0,11.629,18.14,9.3,-0.7,contracting,556.52,34.3,2,60,🟢 BUY,17,11,12,8,15,"Attractive PEG ratio, High net margin (18.1%), Very low debt, Healthy revenue CAGR (9.3%)",57.14285714285714,57.14285714285714,1.0
BANKBARODA,Bank of Baroda Limited,Financial Services,Banks - Regional,234.55,6.6766295,0.71951604,11.32,,27.39,10.3,10.0,unknown,770.17,228.4,2,60,🟢 BUY,15,15,0,15,15,"Trading near/below book value, High net margin (27.4%), Healthy revenue CAGR (10.3%), Consistent YoY growth",18.181818181818183,75.0,13.0
UNIONBANK,Union Bank of India,Financial Services,Banks - Regional,173.15,6.401109,0.94736546,15.8,,40.46,7.6,31.7,unknown,470.67,171.8,1,60,🟢 BUY,15,18,0,12,15,"Trading near/below book value, Strong ROE (15.8%), High net margin (40.5%), Strong profit CAGR (31.7%)",15.909090909090908,93.18181818181817,13.0
INOXWIND,Inox Wind Limited,Industrials,Specialty Industrial Machinery,67.1,27.842321,1.5727545,0.0,20.631,7.83,79.3,,expanding,130.99,95.2,1,59,🟡 HOLD,9,2,12,18,0,"Very low debt, Strong revenue CAGR (79.3%), Consistent YoY growth, Margins expanding",29.72972972972973,47.368421052631575,2.0
RAJESHEXPO,Rajesh Exports Limited,Consumer Cyclical,Luxury Goods,61.02,10.667832,0.10443891,0.0,5.833,0.02,31.9,-57.2,stable,1020.67,1572.7,2,59,🟡 HOLD,20,0,12,12,15,"Trading near/below book value, Attractive PEG ratio, Very low debt, Strong revenue CAGR (31.9%)",3.7037037037037033,48.38709677419355,5.0
VBL,Varun Beverages Limited,Consumer Defensive,Beverages - Non-Alcoholic,440.75,44.075,6.8475595,16.85,15.869,14.04,17.3,26.6,stable,304.26,-31.0,2,59,🟡 HOLD,0,15,17,22,0,"Strong ROE (16.9%), Healthy net margin (14.0%), Very low debt, Strong liquidity position",40.0,100.0,1.0
FINPIPE,Finolex Industries Limited,Industrials,Building Products & Equipment,153.91,15.452811,1.5295404,0.0,7.171,15.56,-2.4,33.7,expanding,293.18,90.5,2,58,🟡 HOLD,9,7,12,12,0,"High net margin (15.6%), Very low debt, Declining revenue trend (-2.4%), Strong profit CAGR (33.7%)",13.513513513513514,47.368421052631575,3.0
VEDL,Vedanta Limited,Basic Materials,Other Industrial Metals & Mining,261.4,10.997055,2.0557425,0.0,48.044,23.21,-19.2,18.0,expanding,408.32,56.2,2,58,🟡 HOLD,12,11,8,12,10,"High net margin (23.2%), Manageable debt level, Declining revenue trend (-19.2%), Strong profit CAGR (18.0%)",14.705882352941178,51.42857142857142,3.0
IIFL,IIFL Finance Limited,Financial Services,Credit Services,588.55,11.974567,1.7981699,0.0,447.421,24.17,13.6,3.4,unknown,849.61,44.4,1,58,🟡 HOLD,12,11,10,10,6,"High net margin (24.2%), Leverage ratio not directly comparable (financial sector), Healthy revenue CAGR (13.6%)",29.545454545454547,32.95454545454545,15.0
PERSISTENT,Persistent Systems Limited,Technology,Information Technology Services,5507.0,45.08391,10.233377,25.2,6.94,12.24,20.9,26.5,stable,2612.8,-52.6,2,57,🟡 HOLD,0,15,20,22,0,"Excellent ROE (25.2%), Healthy net margin (12.2%), Very low debt, Strong liquidity position",93.75,81.25,7.0
CHAMBLFERT,Chambal Fertilisers and Chemicals Limited,Basic Materials,Agricultural Inputs,396.35,8.234988,1.5237961,0.0,10.274,9.58,-9.2,23.6,expanding,878.19,121.6,1,57,🟡 HOLD,12,6,12,12,15,"Healthy net margin (9.6%), Very low debt, Declining revenue trend (-9.2%), Strong profit CAGR (23.6%)",2.941176470588235,51.42857142857142,4.0
APOLLOTYRE,Apollo Tyres Limited,Consumer Cyclical,Auto Parts,407.6,15.10189,1.5425546,0.0,21.987,5.83,5.4,9.5,expanding,869.88,113.4,2,57,🟡 HOLD,9,0,12,18,10,"Very low debt, Consistent YoY growth, Margins expanding, Modest estimated undervaluation (~13%)",7.4074074074074066,48.38709677419355,6.0
AMBUJACEM,Ambuja Cements Limited,Basic Materials,Building Materials,356.9,20.209513,1.4864949,0.0,1.205,11.13,8.9,34.6,stable,504.22,41.3,1,57,🟡 HOLD,12,4,3,20,0,"Trading near/below book value, Healthy net margin (11.1%), Healthy revenue CAGR (8.9%), Strong profit CAGR (34.6%)",38.23529411764706,51.42857142857142,4.0
BAJAJ-AUTO,Bajaj Auto Limited,Consumer Cyclical,Auto Manufacturers,9884.0,23.50535,7.114128,0.0,56.352,16.25,19.5,21.0,expanding,7489.17,-24.2,2,57,🟡 HOLD,10,11,8,25,0,"Attractive PEG ratio, High net margin (16.3%), Manageable debt level, Strong revenue CAGR (19.5%)",25.925925925925924,48.38709677419355,6.0
DRREDDY,Dr. Reddy's Laboratories Limited,Healthcare,Drug Manufacturers - Specialty & Generic,1203.8,30.291897,2.615217,8.84,18.605,10.0,11.0,-1.7,contracting,1431.3,18.9,2,56,🟡 HOLD,4,4,20,10,0,"Healthy net margin (10.0%), Very low debt, Strong liquidity position, Healthy revenue CAGR (11.0%)",26.08695652173913,95.65217391304348,3.0
SUNPHARMA,Sun Pharmaceutical Industries Limited,Healthcare,Drug Manufacturers - Specialty & Generic,1781.0,35.3373,5.1133347,0.0,5.517,20.19,10.4,10.6,expanding,1475.89,-17.1,2,56,🟡 HOLD,5,11,12,20,0,"Attractive PEG ratio, High net margin (20.2%), Very low debt, Healthy revenue CAGR (10.4%)",39.130434782608695,47.82608695652174,3.0
NTPC,NTPC Limited,Utilities,Utilities - Regulated Electric,316.75,11.06357,1.5123374,0.0,128.345,14.53,1.9,16.9,expanding,556.08,75.6,1,56,🟡 HOLD,12,8,3,18,10,"Healthy net margin (14.5%), Strong profit CAGR (16.9%), Margins expanding, Modest estimated undervaluation (~16%)",16.666666666666664,54.166666666666664,1.0
SAIL,Steel Authority of India Limited,Basic Materials,Steel,174.31,16.857834,1.1938958,0.0,52.899,3.84,2.0,15.7,expanding,292.22,67.6,2,56,🟡 HOLD,12,0,8,18,15,"Trading near/below book value, Manageable debt level, Strong profit CAGR (15.7%), Margins expanding",29.411764705882355,51.42857142857142,6.0
ESCORTS,Escorts Kubota Limited,Industrials,Farm & Heavy Construction Machinery,2785.5,22.166958,2.5187085,0.0,1.309,11.29,11.3,55.5,expanding,3876.64,39.2,2,56,🟡 HOLD,9,4,3,22,0,"Healthy net margin (11.3%), Healthy revenue CAGR (11.3%), Strong profit CAGR (55.5%), Consistent YoY growth",24.324324324324326,47.368421052631575,4.0
HINDALCO,Hindalco Industries Limited,Basic Materials,Aluminum,910.85,12.35721,1.4803733,0.0,72.598,5.55,7.1,9.9,expanding,1626.59,78.6,1,55,🟡 HOLD,15,2,8,15,10,"Trading near/below book value, Manageable debt level, Margins expanding, Modest estimated undervaluation (~11%)",23.52941176470588,51.42857142857142,7.0
LICI,Life Insurance Corporation of India,Financial Services,Insurance - Life,386.3,8.134343,2.7670135,0.0,0.431,6.51,7.3,16.9,stable,603.26,56.2,1,55,🟡 HOLD,12,0,10,18,6,"Leverage ratio not directly comparable (financial sector), Strong profit CAGR (16.9%), Consistent YoY growth",22.727272727272727,32.95454545454545,16.0
GAIL,GAIL (India) Limited,Utilities,Utilities - Regulated Gas,170.71,11.357951,1.259397,0.0,27.809,6.7,-0.9,10.5,expanding,320.84,87.9,1,54,🟡 HOLD,15,2,12,10,15,"Trading near/below book value, Very low debt, Declining revenue trend (-0.9%), Margins expanding",25.0,54.166666666666664,2.0
SCHAEFFLER,Schaeffler India Limited,Consumer Cyclical,Auto Parts,3797.0,47.344143,9.674255,21.64,0.783,11.93,12.3,9.4,stable,1870.97,-50.7,2,54,🟡 HOLD,0,15,16,18,0,"Excellent ROE (21.6%), Healthy net margin (11.9%), Manageable debt level, Strong liquidity position",59.25925925925925,96.7741935483871,8.0
GICRE,General Insurance Corporation of India,Financial Services,Insurance - Reinsurance,316.55,6.255929,0.5623187,9.11,,16.82,4.3,11.8,expanding,1130.32,257.1,1,54,🟡 HOLD,15,9,0,15,15,"Trading near/below book value, High net margin (16.8%), Margins expanding, Significant estimated undervaluation (~153%)",13.636363636363635,70.45454545454545,17.0
ALKEM,Alkem Laboratories Limited,Healthcare,Drug Manufacturers - Specialty & Generic,5350.5,29.652515,4.6290007,0.0,14.267,14.31,8.3,32.7,expanding,4922.18,-8.0,2,54,🟡 HOLD,5,6,12,22,0,"Healthy net margin (14.3%), Very low debt, Healthy revenue CAGR (8.3%), Strong profit CAGR (32.7%)",21.73913043478261,47.82608695652174,5.0
ZENSARTECH,Zensar Technologies Limited,Technology,Information Technology Services,439.3,13.020153,2.117741,0.0,1.68,13.36,5.5,33.2,expanding,774.08,76.2,2,53,🟡 HOLD,12,6,0,20,10,"Healthy net margin (13.4%), High leverage, Strong profit CAGR (33.2%), Consistent YoY growth",12.5,31.25,8.0
CANBK,Canara Bank,Financial Services,Banks - Regional,119.15,5.443125,0.9182053,0.0,,43.13,5.0,20.5,unknown,298.17,150.2,2,53,🟡 HOLD,15,11,0,12,15,"Trading near/below book value, High net margin (43.1%), Strong profit CAGR (20.5%), Significant estimated undervaluation (~54%)",9.090909090909092,32.95454545454545,18.0
ACC,ACC Limited,Basic Materials,Building Materials,1165.5,11.495216,1.0650138,0.0,2.085,7.56,12.9,48.7,expanding,2547.73,118.6,1,52,🟡 HOLD,15,0,0,22,15,"Trading near/below book value, High leverage, Healthy revenue CAGR (12.9%), Strong profit CAGR (48.7%)",17.647058823529413,51.42857142857142,8.0
BPCL,Bharat Petroleum Corporation Limited,Energy,Oil & Gas Refining & Marketing,296.35,7.392118,1.2644374,0.0,54.332,3.47,-1.2,129.7,expanding,501.1,69.1,2,52,🟡 HOLD,20,0,8,12,15,"Trading near/below book value, Attractive PEG ratio, Manageable debt level, Declining revenue trend (-1.2%)",42.857142857142854,57.14285714285714,2.0
EMAMILTD,Emami Limited,Consumer Defensive,Household & Personal Products,375.45,21.89213,5.6048193,0.0,5.541,19.12,3.7,6.6,expanding,458.06,22.0,2,51,🟡 HOLD,5,9,12,12,0,"High net margin (19.1%), Very low debt, Margins expanding, Appears overvalued vs blended intrinsic estimate (~-42%)",13.333333333333334,50.0,2.0
FEDERALBNK,The Federal Bank Limited,Financial Services,Banks - Regional,323.5,17.308722,1.9914432,0.0,,30.72,16.6,11.1,unknown,370.2,14.4,2,51,🟡 HOLD,9,11,0,18,6,"High net margin (30.7%), Strong revenue CAGR (16.6%), Consistent YoY growth",40.909090909090914,32.95454545454545,19.0
HEROMOTOCO,Hero MotoCorp Limited,Consumer Cyclical,Auto Manufacturers,5004.0,18.391651,4.633012,0.0,3.57,10.72,11.7,26.9,expanding,6908.57,38.1,2,51,🟡 HOLD,5,6,0,22,6,"Healthy net margin (10.7%), High leverage, Healthy revenue CAGR (11.7%), Strong profit CAGR (26.9%)",14.814814814814813,48.38709677419355,9.0
PNCINFRA,PNC Infratech Limited,Industrials,Engineering & Construction,136.93,4.7978272,0.51606846,0.0,75.883,13.0,-14.0,8.1,contracting,1071.88,682.8,2,51,🟡 HOLD,15,8,8,5,15,"Trading near/below book value, Healthy net margin (13.0%), Manageable debt level, Declining revenue trend (-14.0%)",2.7027027027027026,47.368421052631575,5.0
NLCINDIA,NLC India Limited,Utilities,Utilities - Regulated Electric,250.35,10.617048,1.6126435,0.0,110.358,17.46,2.7,36.1,contracting,438.11,75.0,1,51,🟡 HOLD,12,9,3,12,10,"High net margin (17.5%), Strong profit CAGR (36.1%), Modest estimated undervaluation (~15%)",8.333333333333332,54.166666666666664,3.0
NCC,NCC Limited,Industrials,Engineering & Construction,126.88,11.389586,1.0123512,0.0,57.389,3.26,10.5,3.5,stable,445.17,250.9,1,50,🟡 HOLD,15,0,8,12,15,"Trading near/below book value, Manageable debt level, Healthy revenue CAGR (10.5%), Significant estimated undervaluation (~40%)",10.81081081081081,47.368421052631575,6.0
MPHASIS,Mphasis Limited,Technology,Information Technology Services,2289.0,22.89916,3.8531656,17.74,24.675,11.56,4.8,4.4,stable,2002.03,-12.5,2,50,🟡 HOLD,9,13,18,10,0,"Strong ROE (17.7%), Healthy net margin (11.6%), Very low debt, Appears overvalued vs blended intrinsic estimate (~-58%)",43.75,68.75,9.0
IOC,Indian Oil Corporation Limited,Energy,Oil & Gas Refining & Marketing,130.0,5.319149,0.81544584,0.0,58.446,3.92,-2.2,62.6,expanding,261.46,101.1,1,50,🟡 HOLD,15,0,8,12,15,"Trading near/below book value, Manageable debt level, Declining revenue trend (-2.2%), Strong profit CAGR (62.6%)",14.285714285714285,57.14285714285714,3.0
IPCALAB,Ipca Laboratories Limited,Healthcare,Drug Manufacturers - Specialty & Generic,1938.5,37.546,6.098923,0.0,8.492,12.93,15.5,34.3,expanding,1348.07,-30.5,2,50,🟡 HOLD,0,8,12,25,0,"Healthy net margin (12.9%), Very low debt, Strong revenue CAGR (15.5%), Strong profit CAGR (34.3%)",43.47826086956522,47.82608695652174,6.0
ABB,ABB India Limited,Industrials,Specialty Industrial Machinery,7005.0,95.42296,15.900543,19.13,1.547,21.35,15.4,18.0,expanding,1895.88,-72.9,2,49,🟡 HOLD,0,16,8,25,0,"Strong ROE (19.1%), High net margin (21.3%), High leverage, Strong liquidity position",91.8918918918919,94.73684210526315,7.0
KNRCON,KNR Constructions Limited,Industrials,Engineering & Construction,115.72,8.24804,0.6539442,0.0,49.162,14.76,-18.3,-1.5,expanding,603.66,421.7,1,49,🟡 HOLD,15,6,8,5,15,"Trading near/below book value, Healthy net margin (14.8%), Manageable debt level, Declining revenue trend (-18.3%)",8.108108108108109,47.368421052631575,7.0
IEX,Indian Energy Exchange Limited,Financial Services,Capital Markets,105.85,18.570175,6.9423494,0.0,0.818,66.22,15.4,17.2,stable,85.62,-19.1,2,48,🟡 HOLD,5,11,10,22,0,"High net margin (66.2%), Leverage ratio not directly comparable (financial sector), Strong revenue CAGR (15.4%), Strong profit CAGR (17.2%)",45.45454545454545,32.95454545454545,20.0
BALKRISIND,Balkrishna Industries Limited,Consumer Cyclical,Auto Parts,2006.6,27.597305,3.5408504,0.0,37.524,12.2,3.6,5.5,expanding,2351.18,17.2,1,48,🟡 HOLD,9,6,8,12,0,"Healthy net margin (12.2%), Manageable debt level, Margins expanding, Appears overvalued vs blended intrinsic estimate (~-52%)",37.03703703703704,48.38709677419355,10.0
GNFC,Gujarat Narmada Valley Fertilizers & Chemicals Limited,Basic Materials,Chemicals,618.2,8.763822,0.9969424,0.0,0.066,12.33,-8.8,-18.1,contracting,1243.22,101.1,2,48,🟡 HOLD,15,6,12,0,6,"Trading near/below book value, Healthy net margin (12.3%), Very low debt, Declining revenue trend (-8.8%)",11.76470588235294,51.42857142857142,9.0
BEL,Bharat Electronics Limited,Industrials,Aerospace & Defense,378.3,45.035713,11.527561,0.0,0.273,21.4,15.5,26.6,expanding,192.71,-49.1,1,48,🟡 HOLD,0,11,12,25,0,"High net margin (21.4%), Very low debt, Strong revenue CAGR (15.5%), Strong profit CAGR (26.6%)",64.86486486486487,47.368421052631575,9.0
DLF,DLF Limited,Real Estate,Real Estate - Development,656.0,36.525616,3.5708845,10.1,0.673,65.79,11.3,29.4,contracting,531.81,-18.9,2,48,🟡 HOLD,9,11,8,15,0,"Attractive PEG ratio, High net margin (65.8%), Manageable debt level, Healthy revenue CAGR (11.3%)",100.0,100.0,1.0
KOTAKBANK,Kotak Mahindra Bank Limited,Financial Services,Banks - Regional,440.0,21.568628,2.4149153,0.0,,28.47,13.5,8.9,unknown,518.92,17.9,2,47,🟡 HOLD,14,11,0,12,15,"Attractive PEG ratio, High net margin (28.5%), Healthy revenue CAGR (13.5%), Significant estimated undervaluation (~30%)",50.0,32.95454545454545,21.0
BHARTIARTL,Bharti Airtel Limited,Communication Services,Telecom Services,1833.9,37.68804,7.067624,20.15,100.415,13.14,14.9,47.3,expanding,1330.55,-27.4,2,47,🟡 HOLD,0,17,3,22,0,"Excellent ROE (20.2%), Healthy net margin (13.1%), Healthy revenue CAGR (14.9%), Strong profit CAGR (47.3%)",66.66666666666666,100.0,2.0
IRB,IRB Infrastructure Developers Limited,Industrials,Infrastructure Operations,17.44,22.075949,0.986537,0.0,95.6,15.48,-0.4,5.7,contracting,51.06,192.8,1,46,🟡 HOLD,12,11,3,2,6,"Trading near/below book value, High net margin (15.5%), Declining revenue trend (-0.4%)",21.62162162162162,47.368421052631575,10.0
ADANIPORTS,Adani Ports and Special Economic Zone Limited,Industrials,Marine Shipping,1750.1,29.870285,4.201971,0.0,64.051,32.43,22.9,34.1,stable,1434.09,-18.1,2,46,🟡 HOLD,5,11,8,22,0,"High net margin (32.4%), Manageable debt level, Strong revenue CAGR (22.9%), Strong profit CAGR (34.1%)",37.83783783783784,47.368421052631575,10.0
CHOLAFIN,Cholamandalam Investment and Finance Company Limited,Financial Services,Credit Services,1564.7,23.143024,4.3770647,0.0,695.283,40.55,32.8,25.2,unknown,1058.51,-32.4,1,46,🟡 HOLD,5,11,10,20,0,"High net margin (40.5%), Leverage ratio not directly comparable (financial sector), Strong revenue CAGR (32.8%), Strong profit CAGR (25.2%)",52.27272727272727,32.95454545454545,22.0
SUNTV,Sun TV Network Limited,Communication Services,Broadcasting,636.5,16.387745,1.9797453,0.0,0.837,33.97,4.7,-5.5,contracting,836.79,31.5,1,46,🟡 HOLD,9,11,3,5,0,"High net margin (34.0%), Profit growth declining/negative, Appears overvalued vs blended intrinsic estimate (~-17%)",33.33333333333333,50.0,3.0
ONGC,Oil and Natural Gas Corporation Limited,Energy,Oil & Gas Integrated,221.88,6.4127173,0.75086296,0.0,42.548,6.18,-1.3,4.1,expanding,434.62,95.9,2,46,🟡 HOLD,15,0,8,8,15,"Trading near/below book value, Manageable debt level, Declining revenue trend (-1.3%), Margins expanding",28.57142857142857,57.14285714285714,4.0
MCX,Multi Commodity Exchange of India Limited,Financial Services,Financial Data & Stock Exchanges,3362.6,70.229744,20.337364,0.0,0.113,55.56,67.9,107.5,expanding,640.34,-81.0,1,46,🟡 HOLD,0,11,10,25,0,"High net margin (55.6%), Leverage ratio not directly comparable (financial sector), Strong revenue CAGR (67.9%), Strong profit CAGR (107.5%)",97.72727272727273,32.95454545454545,22.0
HDFCAMC,HDFC Asset Management Company Limited,Financial Services,Asset Management,2314.8,33.77298,10.745371,0.0,2.364,61.62,23.9,26.2,expanding,1131.93,-51.1,2,46,🟡 HOLD,0,11,10,25,0,"High net margin (61.6%), Leverage ratio not directly comparable (financial sector), Strong revenue CAGR (23.9%), Strong profit CAGR (26.2%)",75.0,32.95454545454545,22.0
HAL,Hindustan Aeronautics Limited,Industrials,Aerospace & Defense,4746.3,34.052948,7.734211,0.0,0.16,27.59,6.4,16.1,expanding,3209.91,-32.4,2,46,🟡 HOLD,0,9,12,20,0,"High net margin (27.6%), Very low debt, Strong profit CAGR (16.1%), Consistent YoY growth",48.64864864864865,47.368421052631575,10.0
BSE,BSE Limited,Financial Services,Financial Data & Stock Exchanges,3356.0,46.96991,17.283913,0.0,0.0,48.92,76.5,124.5,expanding,1149.57,-65.7,2,46,🟡 HOLD,0,11,10,25,0,"High net margin (48.9%), Leverage ratio not directly comparable (financial sector), Strong revenue CAGR (76.5%), Strong profit CAGR (124.5%)",84.0909090909091,32.95454545454545,22.0
NESTLEIND,Nestlé India Limited,Consumer Defensive,Packaged Foods,1324.0,66.97015,49.50828,0.0,8.621,15.62,17.0,23.1,stable,421.38,-68.2,1,45,🟡 HOLD,0,11,12,22,0,"High net margin (15.6%), Very low debt, Strong revenue CAGR (17.0%), Strong profit CAGR (23.1%)",80.0,50.0,3.0
ULTRACEMCO,UltraTech Cement Limited,Basic Materials,Building Materials,10658.0,37.07904,4.0912023,0.0,29.432,9.29,11.9,17.3,expanding,5781.17,-45.8,2,45,🟡 HOLD,5,6,12,22,0,"Attractive PEG ratio, Healthy net margin (9.3%), Very low debt, Healthy revenue CAGR (11.9%)",67.64705882352942,51.42857142857142,10.0
WELCORP,Welspun Corp Limited,Basic Materials,Steel,2704.6,29.000645,7.7925076,0.0,25.042,13.35,19.5,98.4,expanding,1305.91,-51.7,2,45,🟡 HOLD,5,6,12,22,0,"Healthy net margin (13.3%), Very low debt, Strong revenue CAGR (19.5%), Strong profit CAGR (98.4%)",58.82352941176471,51.42857142857142,10.0
LALPATHLAB,Dr. Lal PathLabs Limited,Healthcare,Diagnostics & Research,1945.1,60.033947,12.949377,0.0,7.83,18.75,11.1,28.3,expanding,839.19,-56.9,2,45,🟡 HOLD,0,11,12,22,0,"High net margin (18.7%), Very low debt, Healthy revenue CAGR (11.1%), Strong profit CAGR (28.3%)",73.91304347826086,47.82608695652174,7.0
JSWSTEEL,JSW Steel Limited,Basic Materials,Steel,1230.0,12.136162,3.0006294,0.0,95.374,13.06,3.6,75.3,expanding,1350.71,9.8,2,45,🟡 HOLD,12,6,3,18,0,"Healthy net margin (13.1%), Strong profit CAGR (75.3%), Margins expanding, Appears overvalued vs blended intrinsic estimate (~-44%)",20.588235294117645,51.42857142857142,10.0
SANOFI,Sanofi India Limited,Healthcare,Drug Manufacturers - General,3023.8,21.507933,8.430074,40.27,1.78,17.94,-12.6,-19.3,stable,2826.79,-6.5,2,44,🟠 WEAK,5,20,8,2,0,"Excellent ROE (40.3%), High net margin (17.9%), High leverage, Strong liquidity position",8.695652173913043,100.0,8.0
DABUR,Dabur India Limited,Consumer Defensive,Household & Personal Products,383.55,34.55405,5.9573174,0.0,10.907,14.55,4.5,3.5,stable,356.43,-7.1,2,44,🟠 WEAK,0,6,12,12,0,"Healthy net margin (14.6%), Very low debt, Consistent YoY growth, Appears overvalued vs blended intrinsic estimate (~-57%)",20.0,50.0,4.0
GRINFRA,G R Infraprojects Limited,Industrials,Engineering & Construction,798.4,7.60381,0.82361925,0.0,51.877,11.05,-2.9,-14.7,contracting,3715.23,365.3,1,44,🟠 WEAK,15,6,8,0,15,"Trading near/below book value, Healthy net margin (11.0%), Manageable debt level, Declining revenue trend (-2.9%)",5.405405405405405,47.368421052631575,13.0
CUMMINSIND,Cummins India Limited,Industrials,Specialty Industrial Machinery,4872.2,57.058205,15.935658,0.0,0.431,18.69,16.1,24.4,expanding,1778.32,-63.5,2,44,🟠 WEAK,0,11,8,25,0,"High net margin (18.7%), Manageable debt level, Strong revenue CAGR (16.1%), Strong profit CAGR (24.4%)",72.97297297297297,47.368421052631575,13.0
ITC,ITC Limited,Consumer Defensive,Tobacco,265.7,16.77399,4.591405,0.0,3.293,25.94,3.6,2.5,stable,401.15,51.0,2,44,🟠 WEAK,5,11,0,10,0,"High net margin (25.9%), High leverage, Appears overvalued vs blended intrinsic estimate (~-34%)",6.666666666666667,50.0,4.0
DIVISLAB,Divi's Laboratories Limited,Healthcare,Drug Manufacturers - Specialty & Generic,9588.0,86.99755,15.185927,0.0,0.042,26.05,11.0,12.1,expanding,3391.06,-64.6,1,43,🟠 WEAK,0,11,12,20,0,"High net margin (26.0%), Very low debt, Healthy revenue CAGR (11.0%), Consistent YoY growth",91.30434782608695,47.82608695652174,9.0
TATACONSUM,Tata Consumer Products Limited,Consumer Defensive,Packaged Foods,968.5,58.625908,4.3987937,0.0,12.159,7.84,13.9,8.6,stable,872.43,-9.9,2,43,🟠 WEAK,5,2,12,18,0,"Attractive PEG ratio, Very low debt, Healthy revenue CAGR (13.9%), Consistent YoY growth",73.33333333333333,50.0,6.0
POWERGRID,Power Grid Corporation of India Limited,Utilities,Utilities - Regulated Electric,253.05,14.798245,2.3419497,0.0,150.813,33.8,0.6,1.1,stable,312.44,23.5,1,43,🟠 WEAK,12,11,0,10,0,"High net margin (33.8%), High leverage, Appears overvalued vs blended intrinsic estimate (~-19%)",33.33333333333333,54.166666666666664,4.0
COCHINSHIP,Cochin Shipyard Limited,Industrials,Aerospace & Defense,1255.1,48.609604,5.622175,0.0,28.466,13.48,26.9,33.0,expanding,879.01,-30.0,1,43,🟠 WEAK,0,6,12,25,0,"Healthy net margin (13.5%), Very low debt, Strong revenue CAGR (26.9%), Strong profit CAGR (33.0%)",70.27027027027027,47.368421052631575,15.0
EXIDEIND,Exide Industries Limited,Consumer Cyclical,Auto Parts,402.95,36.76551,2.4632304,0.0,11.308,4.95,6.1,1.3,stable,445.69,10.6,2,43,🟠 WEAK,4,0,12,12,0,"Very low debt, Consistent YoY growth, Appears overvalued vs blended intrinsic estimate (~-46%)",44.44444444444444,48.38709677419355,11.0
MARICO,Marico Limited,Consumer Defensive,Household & Personal Products,787.25,54.069366,24.274614,0.0,12.394,13.16,11.8,10.6,stable,340.48,-56.8,2,43,🟠 WEAK,5,6,12,15,0,"Attractive PEG ratio, Healthy net margin (13.2%), Very low debt, Healthy revenue CAGR (11.8%)",60.0,50.0,6.0
RADICO,Radico Khaitan Limited,Consumer Defensive,Beverages - Wineries & Distilleries,4495.0,85.57015,18.152008,0.0,15.033,11.3,24.6,40.0,expanding,1554.76,-65.4,2,43,🟠 WEAK,0,6,12,25,0,"Healthy net margin (11.3%), Very low debt, Strong revenue CAGR (24.6%), Strong profit CAGR (40.0%)",100.0,50.0,6.0
WHIRLPOOL,Whirlpool of India Limited,Consumer Cyclical,"Furnishings, Fixtures & Appliances",845.5,42.745197,2.578758,0.0,8.621,3.01,6.4,10.3,stable,802.33,-5.1,2,42,🟠 WEAK,4,0,12,15,0,"Very low debt, Consistent YoY growth, Appears overvalued vs blended intrinsic estimate (~-64%)",55.55555555555556,48.38709677419355,12.0
IDFCFIRSTB,IDFC First Bank Limited,Financial Services,Banks - Regional,79.54,30.710426,1.4073392,5.26,,9.09,19.6,-13.5,unknown,106.19,33.5,2,42,🟠 WEAK,7,8,0,12,15,"Trading near/below book value, Healthy net margin (9.1%), Strong revenue CAGR (19.6%), Profit growth declining/negative",65.9090909090909,65.9090909090909,26.0
HINDZINC,Hindustan Zinc Limited,Basic Materials,Other Industrial Metals & Mining,551.0,13.641991,10.288297,0.0,39.034,38.07,5.6,9.6,expanding,486.82,-11.6,2,42,🟠 WEAK,8,11,8,15,0,"High net margin (38.1%), Manageable debt level, Margins expanding, Appears overvalued vs blended intrinsic estimate (~-39%)",26.47058823529412,51.42857142857142,13.0
UTIAMC,UTI Asset Management Company Limited,Financial Services,Asset Management,892.3,24.91762,2.5457916,0.0,3.129,26.58,10.8,-2.6,stable,766.43,-14.1,2,42,🟠 WEAK,9,11,10,12,0,"High net margin (26.6%), Leverage ratio not directly comparable (financial sector), Healthy revenue CAGR (10.8%), Profit growth declining/negative",54.54545454545454,32.95454545454545,26.0
POLYCAB,Polycab India Limited,Industrials,Electrical Equipment & Parts,8310.0,43.24296,10.34439,25.55,1.738,9.18,26.6,28.1,stable,4559.18,-45.1,2,42,🟠 WEAK,0,15,5,22,0,"Excellent ROE (25.5%), Healthy net margin (9.2%), High leverage, Strong liquidity position",59.45945945945946,97.36842105263158,16.0
ABBOTINDIA,Abbott India Limited,Healthcare,Drug Manufacturers - Specialty & Generic,26095.0,34.342754,11.61455,0.0,3.602,23.05,9.0,17.8,expanding,16712.57,-36.0,2,41,🟠 WEAK,0,11,0,22,0,"High net margin (23.1%), High leverage, Healthy revenue CAGR (9.0%), Strong profit CAGR (17.8%)",34.78260869565217,47.82608695652174,10.0
FORTIS,Fortis Healthcare Limited,Healthcare,Medical Care Facilities,779.1,56.131123,5.94397,0.0,34.15,11.02,13.3,21.0,expanding,447.86,-42.5,2,41,🟠 WEAK,5,6,8,22,0,"Attractive PEG ratio, Healthy net margin (11.0%), Manageable debt level, Healthy revenue CAGR (13.3%)",69.56521739130434,47.82608695652174,10.0
PFIZER,Pfizer Limited,Healthcare,Drug Manufacturers - General,3815.1,23.74051,4.152662,0.0,1.671,28.61,1.3,5.0,expanding,4552.17,19.3,2,41,🟠 WEAK,5,11,0,12,0,"High net margin (28.6%), High leverage, Margins expanding, Appears overvalued vs blended intrinsic estimate (~-32%)",13.043478260869565,47.82608695652174,10.0
BAJFINANCE,Bajaj Finance Limited,Financial Services,Credit Services,963.85,29.593184,5.2571435,0.0,314.833,43.49,22.6,18.2,unknown,523.31,-45.7,1,41,🟠 WEAK,5,11,10,20,0,"High net margin (43.5%), Leverage ratio not directly comparable (financial sector), Strong revenue CAGR (22.6%), Strong profit CAGR (18.2%)",63.63636363636363,32.95454545454545,28.0
NAVINFLUOR,Navin Fluorine International Limited,Basic Materials,Chemicals,8490.0,55.14061,10.947083,0.0,32.091,21.73,16.5,20.9,expanding,2537.68,-70.1,2,41,🟠 WEAK,0,11,8,22,0,"High net margin (21.7%), Manageable debt level, Strong revenue CAGR (16.5%), Strong profit CAGR (20.9%)",91.17647058823529,51.42857142857142,14.0
CDSL,Central Depository Services (India) Limited,Financial Services,Capital Markets,1275.0,56.541023,13.597244,0.0,0.11,36.8,27.3,18.2,contracting,368.06,-71.1,2,41,🟠 WEAK,0,11,10,20,0,"High net margin (36.8%), Leverage ratio not directly comparable (financial sector), Strong revenue CAGR (27.3%), Strong profit CAGR (18.2%)",88.63636363636364,32.95454545454545,28.0
MOTILALOFS,Motilal Oswal Financial Services Limited,Financial Services,Capital Markets,1067.9,30.953625,4.986971,0.0,165.8,22.96,29.1,26.1,contracting,578.02,-45.9,1,41,🟠 WEAK,0,11,10,20,0,"High net margin (23.0%), Leverage ratio not directly comparable (financial sector), Strong revenue CAGR (29.1%), Strong profit CAGR (26.1%)",68.18181818181817,32.95454545454545,28.0
360ONE,360 One Wam Limited,Financial Services,Asset Management,1063.0,35.35085,4.382909,0.0,161.977,26.46,24.0,22.7,contracting,568.66,-46.5,1,41,🟠 WEAK,0,11,10,20,0,"High net margin (26.5%), Leverage ratio not directly comparable (financial sector), Strong revenue CAGR (24.0%), Strong profit CAGR (22.7%)",77.27272727272727,32.95454545454545,28.0
KAJARIACER,Kajaria Ceramics Limited,Industrials,Building Products & Equipment,1226.2,35.759693,6.3699694,0.0,7.302,10.8,3.3,12.1,expanding,826.34,-32.6,2,41,🟠 WEAK,0,6,12,18,0,"Healthy net margin (10.8%), Very low debt, Consistent YoY growth, Margins expanding",51.35135135135135,47.368421052631575,17.0
NHPC,NHPC Limited,Utilities,Utilities - Renewable,72.5,19.179893,1.7618898,0.0,113.111,31.09,2.0,-1.2,contracting,88.48,22.0,1,41,🟠 WEAK,9,11,3,5,0,"High net margin (31.1%), Profit growth declining/negative, Appears overvalued vs blended intrinsic estimate (~-18%)",41.66666666666667,54.166666666666664,5.0
MANKIND,Mankind Pharma Limited,Healthcare,Drug Manufacturers - Specialty & Generic,2500.0,50.586807,6.3315983,0.0,38.111,13.86,17.7,14.3,stable,1685.51,-32.6,2,41,🟠 WEAK,0,8,8,20,0,"Healthy net margin (13.9%), Manageable debt level, Strong revenue CAGR (17.7%), Consistent YoY growth",56.52173913043478,47.82608695652174,10.0
BANDHANBNK,Bandhan Bank Limited,Financial Services,Banks - Regional,162.99,19.426699,1.0253265,0.0,,13.62,5.0,-17.7,unknown,206.14,26.5,2,40,🟠 WEAK,12,8,0,5,0,"Trading near/below book value, Healthy net margin (13.6%), Profit growth declining/negative, Appears overvalued vs blended intrinsic estimate (~-31%)",47.72727272727273,32.95454545454545,32.0
NBCC,NBCC (India) Limited,Industrials,Engineering & Construction,76.74,28.007298,6.8979774,0.0,0.008,5.69,12.9,39.2,stable,61.91,-19.3,2,40,🟠 WEAK,5,0,12,20,0,"Very low debt, Healthy revenue CAGR (12.9%), Strong profit CAGR (39.2%), Consistent YoY growth",32.432432432432435,47.368421052631575,18.0
SONACOMS,Sona BLW Precision Forgings Limited,Consumer Cyclical,Auto Parts,810.5,72.36607,8.424106,0.0,7.213,14.21,18.8,17.4,stable,306.97,-62.1,2,40,🟠 WEAK,0,6,12,22,0,"Healthy net margin (14.2%), Very low debt, Strong revenue CAGR (18.8%), Strong profit CAGR (17.4%)",81.48148148148148,48.38709677419355,13.0
COFORGE,Coforge Limited,Technology,Information Technology Services,1822.2,37.31722,6.4170327,0.0,7.518,9.64,26.9,30.9,stable,1041.5,-42.8,2,40,🟠 WEAK,0,6,12,22,0,"Healthy net margin (9.6%), Very low debt, Strong revenue CAGR (26.9%), Strong profit CAGR (30.9%)",81.25,31.25,10.0
BAJAJFINSV,Bajaj Finserv Ltd.,Financial Services,Financial Conglomerates,1743.3,27.675821,3.5770862,0.0,256.404,6.47,22.9,15.2,stable,1167.51,-33.0,1,40,🟠 WEAK,9,4,10,22,0,"Leverage ratio not directly comparable (financial sector), Strong revenue CAGR (22.9%), Strong profit CAGR (15.2%), Consistent YoY growth",61.36363636363637,32.95454545454545,32.0
UPL,UPL Limited,Basic Materials,Agricultural Inputs,495.0,21.099745,1.2043561,0.0,57.128,3.82,-1.2,-18.6,contracting,726.71,46.8,2,40,🟠 WEAK,12,0,8,2,6,"Trading near/below book value, Manageable debt level, Declining revenue trend (-1.2%), Profit growth declining/negative",42.64705882352941,51.42857142857142,15.0
AUBANK,AU Small Finance Bank Limited,Financial Services,Banks - Regional,993.4,26.231848,3.7173138,0.0,,25.58,30.4,22.8,unknown,582.59,-41.4,2,40,🟠 WEAK,9,11,0,20,0,"High net margin (25.6%), Strong revenue CAGR (30.4%), Strong profit CAGR (22.8%), Consistent YoY growth",56.81818181818182,32.95454545454545,32.0
UPL,UPL Limited,Basic Materials,Agricultural Inputs,495.0,21.099745,1.2043561,0.0,57.128,3.82,-1.2,-18.6,contracting,726.71,46.8,2,40,🟠 WEAK,12,0,8,2,6,"Trading near/below book value, Manageable debt level, Declining revenue trend (-1.2%), Profit growth declining/negative",42.64705882352941,51.42857142857142,15.0
MAZDOCK,Mazagon Dock Shipbuilders Limited,Industrials,Aerospace & Defense,2064.4,29.137613,8.536611,0.0,4.481,20.12,19.6,32.2,expanding,1540.24,-25.4,1,39,🟠 WEAK,5,9,0,25,0,"High net margin (20.1%), High leverage, Strong revenue CAGR (19.6%), Strong profit CAGR (32.2%)",35.13513513513514,47.368421052631575,19.0
TRENT,Trent Limited,Consumer Cyclical,Apparel Retail,2890.3,85.20932,22.06538,0.0,36.034,8.64,34.8,57.0,expanding,718.89,-75.1,2,39,🟠 WEAK,0,6,8,25,0,"Healthy net margin (8.6%), Manageable debt level, Strong revenue CAGR (34.8%), Strong profit CAGR (57.0%)",92.5925925925926,48.38709677419355,14.0
PVRINOX,PVR INOX Limited,Communication Services,Entertainment,1343.8,48.495132,1.7904991,0.0,91.874,6.52,20.9,,expanding,2008.22,49.4,2,39,🟠 WEAK,4,2,3,15,15,"Strong revenue CAGR (20.9%), Margins expanding, Significant estimated undervaluation (~110%)",83.33333333333334,50.0,4.0
CIPLA,Cipla Limited,Healthcare,Drug Manufacturers - Specialty & Generic,1327.2,31.827337,3.1136436,0.0,1.778,12.01,7.2,11.5,stable,1362.17,2.6,2,39,🟠 WEAK,4,6,0,15,0,"Healthy net margin (12.0%), High leverage, Consistent YoY growth, Appears overvalued vs blended intrinsic estimate (~-65%)",30.434782608695656,47.82608695652174,14.0
GLAXO,GlaxoSmithKline Pharmaceuticals Limited,Healthcare,Drug Manufacturers - General,2634.0,41.776367,19.67948,0.0,1.467,27.01,5.7,19.3,expanding,1278.05,-51.5,2,39,🟠 WEAK,0,11,3,20,0,"High net margin (27.0%), Strong profit CAGR (19.3%), Consistent YoY growth, Margins expanding",47.82608695652174,47.82608695652174,14.0
BIOCON,Biocon Limited,Healthcare,Biotechnology,360.0,106.50887,1.7131681,0.0,42.145,2.86,15.3,-5.9,contracting,521.19,44.8,1,39,🟠 WEAK,4,0,8,12,0,"Manageable debt level, Strong revenue CAGR (15.3%), Profit growth declining/negative, Consistent YoY growth",100.0,47.82608695652174,14.0
ASHOKLEY,Ashok Leyland Limited,Industrials,Farm & Heavy Construction Machinery,149.2,25.202702,6.153592,0.0,344.737,6.02,10.6,41.0,expanding,138.51,-7.2,1,38,🟠 WEAK,5,2,0,22,0,"High leverage, Healthy revenue CAGR (10.6%), Strong profit CAGR (41.0%), Consistent YoY growth",27.027027027027028,47.368421052631575,20.0
NAUKRI,Info Edge (India) Limited,Communication Services,Internet Content & Information,1225.3,49.687756,2.0933993,0.0,0.64,47.4,11.9,,expanding,732.67,-40.2,2,38,🟠 WEAK,4,11,8,15,0,"High net margin (47.4%), Manageable debt level, Healthy revenue CAGR (11.9%), Consistent YoY growth",100.0,50.0,5.0
LT,Larsen & Toubro Limited,Industrials,Engineering & Construction,3701.5,30.705101,4.659081,0.0,97.64,5.59,16.1,15.4,stable,3087.48,-16.6,2,37,🟠 WEAK,5,2,3,22,0,"Attractive PEG ratio, Strong revenue CAGR (16.1%), Strong profit CAGR (15.4%), Consistent YoY growth",40.54054054054054,47.368421052631575,21.0
MAXHEALTH,Max Healthcare Institute Limited,Healthcare,Medical Care Facilities,908.0,60.898727,8.22218,0.0,32.367,16.72,22.4,9.3,stable,517.36,-43.0,1,37,🟠 WEAK,0,9,8,20,0,"High net margin (16.7%), Manageable debt level, Strong revenue CAGR (22.4%), Consistent YoY growth",78.26086956521739,47.82608695652174,17.0
VGUARD,V-Guard Industries Limited,Industrials,Electrical Equipment & Parts,302.15,36.447525,5.561589,0.0,6.964,5.78,13.1,17.7,stable,216.5,-28.3,2,37,🟠 WEAK,0,0,12,20,0,"Very low debt, Healthy revenue CAGR (13.1%), Strong profit CAGR (17.7%), Consistent YoY growth",54.054054054054056,47.368421052631575,21.0
ZEEL,Zee Entertainment Enterprises Limited,Communication Services,Broadcasting,70.12,33.075474,0.5667912,0.0,2.26,2.51,0.0,78.8,contracting,120.5,71.8,2,37,🟠 WEAK,7,0,0,10,10,"Trading near/below book value, High leverage, Strong profit CAGR (78.8%), Modest estimated undervaluation (~24%)",50.0,50.0,6.0
ANGELONE,Angel One Limited,Financial Services,Capital Markets,302.0,27.330317,4.4963894,0.0,129.314,20.7,20.3,0.9,contracting,183.45,-39.3,1,36,🟠 WEAK,5,11,10,15,0,"High net margin (20.7%), Leverage ratio not directly comparable (financial sector), Strong revenue CAGR (20.3%), Consistent YoY growth",59.09090909090909,32.95454545454545,35.0
HINDCOPPER,Hindustan Copper Limited,Basic Materials,Copper,479.95,40.881603,13.899508,0.0,3.319,32.49,22.5,45.9,expanding,206.81,-56.9,2,36,🟠 WEAK,0,11,0,25,0,"High net margin (32.5%), High leverage, Strong revenue CAGR (22.5%), Strong profit CAGR (45.9%)",73.52941176470588,51.42857142857142,17.0
CAMS,Computer Age Management Services Limited,Technology,Information Technology Services,694.6,34.939636,13.040213,0.0,4.863,31.79,16.0,18.6,expanding,362.08,-47.9,2,36,🟠 WEAK,0,11,0,25,0,"High net margin (31.8%), High leverage, Strong revenue CAGR (16.0%), Strong profit CAGR (18.6%)",75.0,31.25,11.0
EICHERMOT,Eicher Motors Limited,Consumer Cyclical,Auto Manufacturers,6960.0,33.1192,7.6064324,0.0,2.048,23.21,17.5,23.7,stable,4805.43,-31.0,2,36,🟠 WEAK,0,9,0,22,0,"High net margin (23.2%), High leverage, Strong revenue CAGR (17.5%), Strong profit CAGR (23.7%)",40.74074074074074,48.38709677419355,15.0
SHREECEM,Shree Cement Limited,Basic Materials,Building Materials,21780.0,48.207172,3.3774052,0.0,8.013,7.45,5.7,11.1,expanding,12494.67,-42.6,2,36,🟠 WEAK,9,0,12,15,0,"Attractive PEG ratio, Very low debt, Margins expanding, Appears overvalued vs blended intrinsic estimate (~-58%)",85.29411764705883,51.42857142857142,17.0
METROPOLIS,Metropolis Healthcare Limited,Healthcare,Diagnostics & Research,541.45,55.7621,7.4187493,0.0,15.212,11.79,12.8,10.0,stable,331.11,-38.8,2,36,🟠 WEAK,0,6,12,18,0,"Healthy net margin (11.8%), Very low debt, Healthy revenue CAGR (12.8%), Consistent YoY growth",65.21739130434783,47.82608695652174,18.0
MOTHERSON,Samvardhana Motherson International Limited,Consumer Cyclical,Auto Parts,159.2,37.547173,4.091283,0.0,43.908,3.36,17.1,37.2,stable,140.81,-11.6,2,35,🟠 WEAK,0,0,8,22,0,"Manageable debt level, Strong revenue CAGR (17.1%), Strong profit CAGR (37.2%), Consistent YoY growth",48.148148148148145,48.38709677419355,16.0
BRITANNIA,Britannia Industries Limited,Consumer Defensive,Packaged Foods,4780.0,44.214226,22.546532,0.0,26.875,13.38,5.7,3.0,stable,2309.44,-51.7,2,35,🟠 WEAK,0,6,12,12,0,"Healthy net margin (13.4%), Very low debt, Consistent YoY growth, Appears overvalued vs blended intrinsic estimate (~-76%)",46.666666666666664,50.0,9.0
MFSL,Max Financial Services Limited,Financial Services,Insurance - Life,1345.1,425.66455,8.742703,0.0,36.453,0.22,15.0,-39.5,stable,2043.97,52.0,2,35,🟠 WEAK,0,0,10,10,15,"Leverage ratio not directly comparable (financial sector), Healthy revenue CAGR (15.0%), Profit growth declining/negative, Significant estimated undervaluation (~186%)",100.0,32.95454545454545,36.0
JSL,Jindal Stainless Limited,Basic Materials,Steel,732.15,18.59665,13.402714,0.0,37.523,7.38,6.4,14.7,expanding,390.2,-46.7,2,34,🟠 WEAK,5,0,8,18,0,"Manageable debt level, Consistent YoY growth, Margins expanding, Appears overvalued vs blended intrinsic estimate (~-79%)",32.35294117647059,51.42857142857142,19.0
JSWENERGY,JSW Energy Limited,Utilities,Utilities - Independent Power Producers,485.45,43.77367,2.7723525,0.0,229.16,10.37,23.6,14.9,expanding,317.76,-34.5,1,34,🟠 WEAK,4,8,0,22,0,"Healthy net margin (10.4%), High leverage, Strong revenue CAGR (23.6%), Consistent YoY growth",83.33333333333334,54.166666666666664,6.0
ADANIPOWER,Adani Power Limited,Utilities,Utilities - Independent Power Producers,196.94,26.649527,5.848603,0.0,82.332,24.15,12.5,6.2,expanding,119.5,-39.3,1,34,🟠 WEAK,5,11,3,15,0,"High net margin (24.1%), Healthy revenue CAGR (12.5%), Margins expanding, Appears overvalued vs blended intrinsic estimate (~-62%)",50.0,54.166666666666664,6.0
DIXON,Dixon Technologies (India) Limited,Technology,Consumer Electronics,13024.0,38.07853,14.507784,0.0,18.457,3.64,58.6,77.9,stable,5040.09,-61.3,2,34,🟠 WEAK,0,0,12,22,0,"Very low debt, Strong revenue CAGR (58.6%), Strong profit CAGR (77.9%), Consistent YoY growth",87.5,31.25,12.0
COLPAL,Colgate-Palmolive (India) Limited,Consumer Defensive,Household & Personal Products,1757.4,35.467205,30.1741,0.0,2.993,21.72,4.9,8.2,expanding,1025.47,-41.6,2,34,🟠 WEAK,0,11,0,15,0,"High net margin (21.7%), High leverage, Margins expanding, Appears overvalued vs blended intrinsic estimate (~-63%)",26.666666666666668,50.0,10.0
IRCTC,Indian Railway Catering & Tourism Corporation Limited,Consumer Cyclical,Travel Services,453.65,26.041904,8.423232,0.0,1.874,25.68,13.8,11.5,contracting,380.42,-16.1,2,34,🟠 WEAK,5,11,0,15,0,"High net margin (25.7%), High leverage, Healthy revenue CAGR (13.8%), Consistent YoY growth",33.33333333333333,48.38709677419355,17.0
NIACL,The New India Assurance Company Limited,Financial Services,Insurance - Diversified,159.29,33.534737,0.6811107,0.0,,1.49,6.9,10.5,stable,290.17,82.2,1,34,🟠 WEAK,7,0,0,12,6,Trading near/below book value,72.72727272727273,32.95454545454545,37.0
TATAELXSI,Tata Elxsi Limited,Technology,Software - Application,3082.5,29.334791,6.313972,0.0,5.336,16.74,6.1,-5.9,contracting,2150.98,-30.2,2,34,🟠 WEAK,5,9,12,8,0,"High net margin (16.7%), Very low debt, Profit growth declining/negative, Consistent YoY growth",68.75,31.25,12.0
GOKEX,Gokaldas Exports Limited,Consumer Cyclical,Apparel Manufacturing,673.0,50.449776,2.2816036,0.0,58.934,2.46,20.9,-16.7,contracting,820.82,22.0,1,34,🟠 WEAK,4,0,8,12,0,"Manageable debt level, Strong revenue CAGR (20.9%), Profit growth declining/negative, Consistent YoY growth",62.96296296296296,48.38709677419355,17.0
PAGEIND,Page Industries Limited,Consumer Cyclical,Apparel Manufacturing,37570.0,55.441597,27.888422,0.0,18.422,14.13,3.8,10.2,expanding,12227.2,-67.5,2,33,🟠 WEAK,0,6,12,15,0,"Healthy net margin (14.1%), Very low debt, Margins expanding, Appears overvalued vs blended intrinsic estimate (~-82%)",74.07407407407408,48.38709677419355,19.0
INDIGO,InterGlobe Aviation Limited,Industrials,Airlines,4990.0,,27.667044,0.0,1112.706,-5.4,15.6,,expanding,6885.08,38.0,1,33,🟠 WEAK,0,0,0,18,15,"High leverage, Strong revenue CAGR (15.6%), Consistent YoY growth, Margins expanding",,47.368421052631575,23.0
BERGEPAINT,Berger Paints India Limited,Basic Materials,Specialty Chemicals,463.9,44.434868,7.8209558,0.0,9.165,9.92,4.2,9.5,stable,180.0,-61.2,2,33,🟠 WEAK,0,6,12,15,0,"Healthy net margin (9.9%), Very low debt, Consistent YoY growth, Appears overvalued vs blended intrinsic estimate (~-72%)",79.41176470588235,51.42857142857142,20.0
ADANIGREEN,Adani Green Energy Limited,Utilities,Utilities - Renewable,1341.4,128.4866,11.454188,0.0,346.548,13.1,16.6,19.3,expanding,248.14,-81.5,1,33,🟠 WEAK,0,8,0,25,0,"Healthy net margin (13.1%), High leverage, Strong revenue CAGR (16.6%), Strong profit CAGR (19.3%)",100.0,54.166666666666664,8.0
ATUL,Atul Ltd,Basic Materials,Specialty Chemicals,5999.5,22.205566,2.8389087,0.0,2.907,11.97,4.9,9.7,stable,5581.7,-7.0,2,33,🟠 WEAK,9,6,0,12,0,"Healthy net margin (12.0%), High leverage, Appears overvalued vs blended intrinsic estimate (~-29%)",47.05882352941176,51.42857142857142,20.0
ADANIENSOL,Adani Energy Solutions Limited,Utilities,Utilities - Independent Power Producers,1318.8,54.27161,6.2304535,0.0,194.5,9.58,27.7,22.0,expanding,510.36,-61.3,1,33,🟠 WEAK,0,8,0,25,0,"Healthy net margin (9.6%), High leverage, Strong revenue CAGR (27.7%), Strong profit CAGR (22.0%)",91.66666666666666,54.166666666666664,8.0
TORNTPHARM,Torrent Pharmaceuticals Limited,Healthcare,Drug Manufacturers - Specialty & Generic,4716.2,75.33866,19.028292,0.0,85.446,13.87,13.3,20.2,expanding,1497.81,-68.2,2,33,🟠 WEAK,0,8,3,22,0,"Healthy net margin (13.9%), Healthy revenue CAGR (13.3%), Strong profit CAGR (20.2%), Consistent YoY growth",86.95652173913044,47.82608695652174,19.0
POLICYBZR,PB Fintech Limited,Financial Services,Insurance Brokers,1040.0,64.67662,6.5733337,0.0,4.922,10.2,38.5,,expanding,336.28,-67.7,1,32,🟠 WEAK,0,4,10,18,0,"Healthy net margin (10.2%), Leverage ratio not directly comparable (financial sector), Strong revenue CAGR (38.5%), Consistent YoY growth",93.18181818181817,32.95454545454545,38.0
APOLLOHOSP,Apollo Hospitals Enterprise Limited,Healthcare,Medical Care Facilities,7917.0,54.502274,12.007717,0.0,85.146,7.91,14.8,33.3,expanding,3287.79,-58.5,2,32,🟠 WEAK,0,2,3,22,0,"Healthy revenue CAGR (14.8%), Strong profit CAGR (33.3%), Consistent YoY growth, Margins expanding",60.86956521739131,47.82608695652174,20.0
APLAPOLLO,APL Apollo Tubes Limited,Basic Materials,Steel,2135.0,48.22679,11.194069,0.0,9.396,5.23,12.6,23.3,stable,828.86,-61.2,2,32,🟠 WEAK,0,0,12,20,0,"Very low debt, Healthy revenue CAGR (12.6%), Strong profit CAGR (23.3%), Consistent YoY growth",88.23529411764706,51.42857142857142,22.0
BLUESTARCO,Blue Star Limited,Industrials,Building Products & Equipment,1530.1,61.772305,9.167601,0.0,23.588,3.98,15.8,9.6,stable,734.24,-52.0,1,32,🟠 WEAK,0,0,12,20,0,"Very low debt, Strong revenue CAGR (15.8%), Consistent YoY growth, Appears overvalued vs blended intrinsic estimate (~-80%)",78.37837837837837,47.368421052631575,24.0
IRCON,Ircon International Limited,Industrials,Engineering & Construction,106.66,16.2344,1.5089909,0.0,85.833,5.67,-5.0,-8.0,stable,255.24,139.3,1,32,🟠 WEAK,9,0,3,2,6,"Declining revenue trend (-5.0%), Profit growth declining/negative",16.216216216216218,47.368421052631575,24.0
GLAND,Gland Pharma Limited,Healthcare,Drug Manufacturers - Specialty & Generic,3150.6,46.014313,5.011429,0.0,2.738,16.78,21.3,9.6,contracting,2269.04,-28.0,2,31,🟠 WEAK,0,11,0,15,0,"High net margin (16.8%), High leverage, Strong revenue CAGR (21.3%), Appears overvalued vs blended intrinsic estimate (~-67%)",52.17391304347826,47.82608695652174,21.0
PIDILITIND,Pidilite Industries Limited,Basic Materials,Specialty Chemicals,1488.5,57.294075,13.985587,0.0,3.776,17.2,7.4,24.4,expanding,424.19,-71.5,2,31,🟠 WEAK,0,11,0,20,0,"High net margin (17.2%), High leverage, Strong profit CAGR (24.4%), Consistent YoY growth",95.58823529411765,51.42857142857142,23.0
GODREJCP,Godrej Consumer Products Limited,Consumer Defensive,Household & Personal Products,865.55,46.26136,7.0023217,0.0,34.899,12.09,4.6,3.0,expanding,618.84,-28.5,2,31,🟠 WEAK,0,6,8,12,0,"Healthy net margin (12.1%), Manageable debt level, Margins expanding, Appears overvalued vs blended intrinsic estimate (~-71%)",53.333333333333336,50.0,11.0
TECHM,Tech Mahindra Limited,Technology,Information Technology Services,1491.1,25.779737,4.4589243,0.0,7.269,8.68,2.2,-0.1,stable,1259.19,-15.6,2,31,🟠 WEAK,5,6,12,8,0,"Healthy net margin (8.7%), Very low debt, Profit growth declining/negative, Appears overvalued vs blended intrinsic estimate (~-47%)",50.0,31.25,14.0
RELIANCE,Reliance Industries Limited,Energy,Oil & Gas Refining & Marketing,1207.7,21.870697,1.8078123,0.0,46.278,6.61,6.4,6.6,stable,856.94,-29.0,1,31,🟠 WEAK,14,2,8,12,0,"Attractive PEG ratio, Manageable debt level, Consistent YoY growth, Appears overvalued vs blended intrinsic estimate (~-25%)",85.71428571428571,57.14285714285714,5.0
PIDILITIND,Pidilite Industries Limited,Basic Materials,Specialty Chemicals,1488.5,57.294075,13.985587,0.0,3.776,17.2,7.4,24.4,expanding,424.19,-71.5,2,31,🟠 WEAK,0,11,0,20,0,"High net margin (17.2%), High leverage, Strong profit CAGR (24.4%), Consistent YoY growth",95.58823529411765,51.42857142857142,23.0
ASTRAL,Astral Limited,Industrials,Building Products & Equipment,1427.7,66.62156,9.4519615,0.0,6.168,8.48,8.4,5.5,stable,603.79,-57.7,2,31,🟠 WEAK,0,4,12,15,0,"Healthy net margin (8.5%), Very low debt, Healthy revenue CAGR (8.4%), Consistent YoY growth",83.78378378378379,47.368421052631575,26.0
LTTS,L&T Technology Services Limited,Technology,Information Technology Services,3252.1,26.498003,5.325698,0.0,8.911,11.68,7.6,1.8,contracting,2592.02,-20.3,2,31,🟠 WEAK,5,6,12,8,0,"Healthy net margin (11.7%), Very low debt, Appears overvalued vs blended intrinsic estimate (~-45%)",56.25,31.25,14.0
BOSCHLTD,Bosch Limited,Consumer Cyclical,Auto Parts,44410.0,55.42728,8.823139,0.0,0.8,11.33,10.3,24.8,expanding,23332.91,-47.5,1,31,🟠 WEAK,0,6,3,22,0,"Healthy net margin (11.3%), Healthy revenue CAGR (10.3%), Strong profit CAGR (24.8%), Consistent YoY growth",70.37037037037037,48.38709677419355,20.0
VOLTAS,Voltas Limited,Consumer Cyclical,"Furnishings, Fixtures & Appliances",1056.8,77.87768,5.4841156,0.0,15.51,3.0,14.5,40.7,stable,618.68,-41.5,1,30,🟠 WEAK,0,0,12,18,0,"Very low debt, Healthy revenue CAGR (14.5%), Strong profit CAGR (40.7%), Appears overvalued vs blended intrinsic estimate (~-77%)",85.18518518518519,48.38709677419355,21.0
SYNGENE,Syngene International Limited,Healthcare,Diagnostics & Research,360.3,65.62842,2.9924006,0.0,9.473,6.14,5.4,-12.0,contracting,336.03,-6.7,2,30,🟠 WEAK,4,0,12,8,0,"Very low debt, Profit growth declining/negative, Consistent YoY growth, Appears overvalued vs blended intrinsic estimate (~-50%)",82.6086956521739,47.82608695652174,22.0
ICICIGI,ICICI Lombard General Insurance Company Limited,Financial Services,Insurance - Diversified,1590.0,32.84445,4.6564617,14.63,,8.76,14.9,17.0,expanding,859.07,-46.0,1,30,🟠 WEAK,0,8,0,22,0,"Healthy net margin (8.8%), Healthy revenue CAGR (14.9%), Strong profit CAGR (17.0%), Consistent YoY growth",70.45454545454545,86.36363636363636,39.0
HAVELLS,Havells India Limited,Industrials,Electrical Equipment & Parts,1060.5,40.772778,7.035153,0.0,2.801,6.92,9.9,16.4,stable,713.71,-32.7,1,30,🟠 WEAK,5,0,0,20,0,"Attractive PEG ratio, High leverage, Healthy revenue CAGR (9.9%), Strong profit CAGR (16.4%)",56.75675675675676,47.368421052631575,27.0
DMART,Avenue Supermarts Limited,Consumer Defensive,Discount Stores,3636.0,77.510124,9.671601,0.0,9.913,4.29,17.1,7.7,stable,2060.26,-43.3,1,30,🟠 WEAK,0,0,12,18,0,"Very low debt, Strong revenue CAGR (17.1%), Consistent YoY growth, Appears overvalued vs blended intrinsic estimate (~-83%)",86.66666666666667,50.0,12.0
KALYANKJIL,Kalyan Jewellers India Limited,Consumer Cyclical,Luxury Goods,569.0,41.023792,9.303314,0.0,96.966,3.67,36.4,46.1,stable,310.35,-45.5,2,30,🟠 WEAK,0,0,3,22,0,"Strong revenue CAGR (36.4%), Strong profit CAGR (46.1%), Consistent YoY growth, Appears overvalued vs blended intrinsic estimate (~-70%)",51.85185185185185,48.38709677419355,21.0
THERMAX,Thermax Limited,Industrials,Conglomerates,3230.4,61.34447,6.5583487,0.0,42.166,5.47,9.8,17.0,expanding,1877.86,-41.9,1,30,🟠 WEAK,0,0,8,22,0,"Manageable debt level, Healthy revenue CAGR (9.8%), Strong profit CAGR (17.0%), Consistent YoY growth",75.67567567567568,47.368421052631575,27.0
BHEL,Bharat Heavy Electricals Limited,Industrials,Specialty Industrial Machinery,448.5,64.16309,5.9729123,0.0,31.312,6.76,13.5,35.9,expanding,288.35,-35.7,2,30,🟠 WEAK,0,0,8,22,0,"Manageable debt level, Healthy revenue CAGR (13.5%), Strong profit CAGR (35.9%), Consistent YoY growth",81.08108108108108,47.368421052631575,27.0
TATACHEM,Tata Chemicals Limited,Basic Materials,Chemicals,609.8,,0.7325778,0.0,36.081,-14.32,-4.8,,contracting,2485.02,307.5,0,30,🟠 WEAK,7,0,8,0,0,"Trading near/below book value, Manageable debt level, Declining revenue trend (-4.8%), Insufficient data for intrinsic value estimate",,51.42857142857142,25.0
ICICIPRULI,ICICI Life Insurance Limited,Financial Services,Insurance - Life,457.5,39.439655,4.8641753,12.57,18.052,2.56,8.5,25.5,stable,219.94,-51.9,1,29,🔴 AVOID,0,4,10,15,0,"Leverage ratio not directly comparable (financial sector), Healthy revenue CAGR (8.5%), Strong profit CAGR (25.5%), Appears overvalued vs blended intrinsic estimate (~-66%)",81.81818181818183,77.27272727272727,40.0
HDFCLIFE,HDFC Life Insurance Company Limited,Financial Services,Insurance - Life,546.05,59.677597,6.0805993,10.83,15.885,1.9,9.3,11.8,stable,191.1,-65.0,1,29,🔴 AVOID,0,4,10,15,0,"Leverage ratio not directly comparable (financial sector), Healthy revenue CAGR (9.3%), Appears overvalued vs blended intrinsic estimate (~-75%)",90.9090909090909,72.72727272727273,40.0
TORNTPOWER,Torrent Power Limited,Utilities,Utilities - Independent Power Producers,1236.5,26.816309,3.2664027,0.0,70.885,7.96,4.0,4.5,stable,942.45,-23.8,1,29,🔴 AVOID,9,2,8,10,0,"Manageable debt level, Appears overvalued vs blended intrinsic estimate (~-49%)",58.333333333333336,54.166666666666664,10.0
PIIND,PI Industries Limited,Basic Materials,Agricultural Inputs,2210.0,28.776041,2.9853568,0.0,3.048,17.88,1.1,2.4,stable,1819.67,-17.7,1,28,🔴 AVOID,9,9,0,10,0,"High net margin (17.9%), High leverage, Appears overvalued vs blended intrinsic estimate (~-49%)",55.88235294117647,51.42857142857142,26.0
ASIANPAINT,Asian Paints Limited,Basic Materials,Specialty Chemicals,2372.1,47.747585,10.646434,0.0,17.847,12.81,1.1,1.7,stable,837.48,-64.7,2,28,🔴 AVOID,0,6,12,10,0,"Healthy net margin (12.8%), Very low debt, Appears overvalued vs blended intrinsic estimate (~-72%)",82.35294117647058,51.42857142857142,26.0
NYKAA,FSN E-Commerce Ventures Limited,Consumer Cyclical,Internet Retail,341.25,383.42697,67.95102,0.0,82.829,2.4,24.7,118.0,expanding,29.91,-91.2,2,28,🔴 AVOID,0,0,3,25,0,"Strong revenue CAGR (24.7%), Strong profit CAGR (118.0%), Consistent YoY growth, Margins expanding",100.0,48.38709677419355,23.0
HINDUNILVR,Hindustan Unilever Limited,Consumer Defensive,Household & Personal Products,1865.4,41.825115,8.992653,0.0,3.016,22.64,2.3,14.1,stable,1243.84,-33.3,2,28,🔴 AVOID,0,11,0,12,0,"High net margin (22.6%), High leverage, Appears overvalued vs blended intrinsic estimate (~-72%)",33.33333333333333,50.0,13.0
BHARATFORG,Bharat Forge Limited,Industrials,Metal Fabrication,1841.8,124.698715,9.1916275,0.0,76.475,4.03,9.7,26.9,expanding,667.05,-63.8,1,28,🔴 AVOID,0,0,8,20,0,"Manageable debt level, Healthy revenue CAGR (9.7%), Strong profit CAGR (26.9%), Margins expanding",97.2972972972973,47.368421052631575,30.0
CROMPTON,Crompton Greaves Consumer Electricals Limited,Consumer Cyclical,"Furnishings, Fixtures & Appliances",210.7,,4.573773,0.0,5.797,-2.69,5.6,,stable,212.83,1.0,1,28,🔴 AVOID,0,0,12,10,0,"Very low debt, Consistent YoY growth, Appears overvalued vs blended intrinsic estimate (~-18%)",,48.38709677419355,23.0
GRASIM,Grasim Industries Limited,Basic Materials,Building Materials,2921.1,34.83721,1.9148024,0.0,135.044,3.09,14.3,-10.1,stable,2854.39,-2.3,1,27,🔴 AVOID,4,2,3,12,0,"Healthy revenue CAGR (14.3%), Profit growth declining/negative, Consistent YoY growth, Appears overvalued vs blended intrinsic estimate (~-42%)",64.70588235294117,51.42857142857142,28.0
UBL,United Breweries Limited,Consumer Defensive,Beverages - Brewers,1185.7,79.25802,6.9327416,0.0,29.076,4.19,6.6,10.8,stable,823.33,-30.6,1,27,🔴 AVOID,0,0,12,15,0,"Very low debt, Consistent YoY growth, Appears overvalued vs blended intrinsic estimate (~-80%)",93.33333333333333,50.0,14.0
TVSMOTOR,TVS Motor Company Limited,Consumer Cyclical,Auto Manufacturers,3926.0,54.414413,55.836044,0.0,306.09,5.69,20.2,31.5,expanding,1227.77,-68.7,1,27,🔴 AVOID,0,2,0,25,0,"High leverage, Strong revenue CAGR (20.2%), Strong profit CAGR (31.5%), Consistent YoY growth",66.66666666666666,48.38709677419355,25.0
LAURUSLABS,Laurus Labs Limited,Healthcare,Drug Manufacturers - Specialty & Generic,2052.8,101.47307,20.9096,0.0,46.369,15.04,3.8,4.0,contracting,580.34,-71.7,1,27,🔴 AVOID,0,11,8,8,0,"High net margin (15.0%), Manageable debt level, Appears overvalued vs blended intrinsic estimate (~-90%)",95.65217391304348,47.82608695652174,23.0
DEEPAKNTR,Deepak Nitrite Limited,Basic Materials,Chemicals,1553.9,27.052578,3.6310997,0.0,27.903,9.14,-0.5,-13.5,contracting,1201.78,-22.7,1,27,🔴 AVOID,9,6,12,0,0,"Healthy net margin (9.1%), Very low debt, Declining revenue trend (-0.5%), Profit growth declining/negative",50.0,51.42857142857142,28.0
ABFRL,Aditya Birla Fashion and Retail Limited,Consumer Cyclical,Apparel Manufacturing,44.62,,0.9299708,0.0,98.822,-9.31,-13.0,,contracting,263.13,489.7,0,27,🔴 AVOID,7,0,3,2,0,"Trading near/below book value, Declining revenue trend (-13.0%), Insufficient data for intrinsic value estimate",,48.38709677419355,25.0
CGPOWER,CG Power and Industrial Solutions Limited,Industrials,Electrical Equipment & Parts,894.5,112.7995,17.67472,0.0,1.446,9.75,21.2,7.8,stable,228.49,-74.5,1,27,🔴 AVOID,0,6,3,18,0,"Healthy net margin (9.8%), Strong revenue CAGR (21.2%), Consistent YoY growth, Appears overvalued vs blended intrinsic estimate (~-89%)",94.5945945945946,47.368421052631575,31.0
SRF,SRF Limited,Industrials,Conglomerates,2460.0,33.730976,5.192744,0.0,36.195,12.72,1.8,-5.3,contracting,2120.68,-13.8,1,26,🔴 AVOID,0,8,8,5,0,"Healthy net margin (12.7%), Manageable debt level, Profit growth declining/negative, Appears overvalued vs blended intrinsic estimate (~-64%)",45.94594594594595,47.368421052631575,32.0
SJVN,SJVN Limited,Utilities,Utilities - Renewable,56.36,34.790123,1.5566051,0.0,226.528,12.77,14.6,-22.1,contracting,57.41,1.9,1,26,🔴 AVOID,4,8,0,8,0,"Healthy net margin (12.8%), High leverage, Healthy revenue CAGR (14.6%), Profit growth declining/negative",75.0,54.166666666666664,11.0
TATASTEEL,Tata Steel Limited,Basic Materials,Steel,175.64,19.846327,2.1460862,0.0,89.017,4.6,-1.6,7.2,stable,185.47,5.6,2,26,🔴 AVOID,9,0,3,5,0,"Declining revenue trend (-1.6%), Appears overvalued vs blended intrinsic estimate (~-28%)",35.294117647058826,51.42857142857142,30.0
UNITDSPR,United Spirits Limited,Consumer Defensive,Beverages - Wineries & Distilleries,1344.0,56.589474,10.659138,0.0,4.611,14.92,5.6,17.4,expanding,704.0,-47.6,2,26,🔴 AVOID,0,6,0,20,0,"Healthy net margin (14.9%), High leverage, Strong profit CAGR (17.4%), Consistent YoY growth",66.66666666666666,50.0,15.0
LINDEINDIA,Linde India Limited,Basic Materials,Specialty Chemicals,6094.0,95.12957,12.181325,0.0,1.85,20.59,0.3,7.8,expanding,1369.77,-77.5,1,26,🔴 AVOID,5,9,0,12,0,"Attractive PEG ratio, High net margin (20.6%), High leverage, Margins expanding",100.0,51.42857142857142,30.0
COROMANDEL,Coromandel International Limited,Basic Materials,Agricultural Inputs,1745.5,28.103365,4.093373,0.0,11.469,5.62,10.2,-0.9,contracting,1252.61,-28.2,1,25,🔴 AVOID,5,0,12,8,0,"Very low debt, Healthy revenue CAGR (10.2%), Profit growth declining/negative, Appears overvalued vs blended intrinsic estimate (~-56%)",52.94117647058824,51.42857142857142,32.0
BDL,Bharat Dynamics Limited,Industrials,Aerospace & Defense,1085.0,76.35468,9.370978,0.0,0.007,18.83,-0.9,6.1,contracting,413.6,-61.9,2,23,🔴 AVOID,0,9,12,2,0,"High net margin (18.8%), Very low debt, Declining revenue trend (-0.9%), Appears overvalued vs blended intrinsic estimate (~-80%)",86.48648648648648,47.368421052631575,33.0
RATNAMANI,Ratnamani Metals & Tubes Limited,Basic Materials,Steel,2524.3,40.90585,4.304293,0.0,7.549,9.94,-0.3,-1.9,stable,1304.06,-48.3,2,23,🔴 AVOID,0,6,12,5,0,"Healthy net margin (9.9%), Very low debt, Declining revenue trend (-0.3%), Profit growth declining/negative",76.47058823529412,51.42857142857142,33.0
TATAPOWER,The Tata Power Company Limited,Utilities,Utilities - Independent Power Producers,345.15,28.595692,2.793764,0.0,168.051,6.09,4.1,3.9,expanding,273.92,-20.6,1,23,🔴 AVOID,9,2,0,12,0,"High leverage, Margins expanding, Appears overvalued vs blended intrinsic estimate (~-47%)",66.66666666666666,54.166666666666664,12.0
TITAN,Titan Company Limited,Consumer Cyclical,Luxury Goods,4377.0,67.90257,24.745869,0.0,195.001,6.23,29.2,16.0,contracting,1328.57,-69.6,2,22,🔴 AVOID,0,2,0,20,0,"High leverage, Strong revenue CAGR (29.2%), Strong profit CAGR (16.0%), Consistent YoY growth",77.77777777777779,48.38709677419355,27.0
INDUSINDBK,IndusInd Bank Limited,Financial Services,Banks - Regional,874.9,51.769234,1.0363756,0.0,,7.65,-0.4,-50.7,unknown,814.72,-6.9,2,22,🔴 AVOID,12,4,0,0,0,"Trading near/below book value, Attractive PEG ratio, Declining revenue trend (-0.4%), Profit growth declining/negative",86.36363636363636,32.95454545454545,42.0
RAYMOND,Raymond Limited,Industrials,Specialty Industrial Machinery,1206.7,170.92067,2.8237731,0.0,34.127,1.61,-36.0,116.1,contracting,1034.68,-14.3,1,22,🔴 AVOID,4,0,8,10,0,"Manageable debt level, Declining revenue trend (-36.0%), Strong profit CAGR (116.1%), Appears overvalued vs blended intrinsic estimate (~-78%)",100.0,47.368421052631575,34.0
SUPREMEIND,The Supreme Industries Limited,Industrials,Building Products & Equipment,3550.0,43.681557,7.309776,0.0,1.473,9.12,6.8,3.3,stable,1844.12,-48.1,2,21,🔴 AVOID,0,6,3,12,0,"Healthy net margin (9.1%), Consistent YoY growth, Appears overvalued vs blended intrinsic estimate (~-78%)",62.16216216216216,47.368421052631575,35.0
SIEMENS,Siemens Limited,Industrials,Specialty Industrial Machinery,3793.0,92.98847,9.759725,0.0,2.213,19.02,3.0,10.9,stable,1470.76,-61.2,1,19,🔴 AVOID,0,7,0,12,0,"High net margin (19.0%), High leverage, Appears overvalued vs blended intrinsic estimate (~-84%)",89.1891891891892,47.368421052631575,36.0
JINDALSTEL,Jindal Steel Limited,Basic Materials,Steel,1061.0,39.708084,2.1205494,0.0,43.613,4.82,-13.1,-5.4,expanding,926.35,-12.7,1,19,🔴 AVOID,4,2,8,5,0,"Manageable debt level, Declining revenue trend (-13.1%), Profit growth declining/negative, Margins expanding",70.58823529411765,51.42857142857142,34.0
ADANIENT,Adani Enterprises Limited,Energy,Thermal Coal,2743.0,44.206287,4.3815722,0.0,119.56,6.55,-7.7,55.9,expanding,858.21,-68.7,1,18,🔴 AVOID,0,0,3,15,0,"Declining revenue trend (-7.7%), Strong profit CAGR (55.9%), Margins expanding, Appears overvalued vs blended intrinsic estimate (~-66%)",100.0,57.14285714285714,6.0
CERA,Cera Sanitaryware Limited,Industrials,Building Products & Equipment,5038.5,32.018936,4.413678,0.0,3.172,9.52,4.1,-0.8,contracting,4346.88,-13.7,2,17,🔴 AVOID,0,4,0,8,0,"Healthy net margin (9.5%), High leverage, Profit growth declining/negative, Consistent YoY growth",43.24324324324324,47.368421052631575,37.0
STARHEALTH,Star Health and Allied Insurance Company Limited,Financial Services,Insurance - Life,553.85,38.676674,3.2134814,7.51,,3.62,14.0,-3.4,contracting,334.18,-39.7,1,16,🔴 AVOID,4,2,0,10,0,"Healthy revenue CAGR (14.0%), Profit growth declining/negative, Consistent YoY growth, Appears overvalued vs blended intrinsic estimate (~-58%)",79.54545454545455,68.18181818181817,43.0
SBILIFE,SBI Life Insurance Company Limited,Financial Services,Insurance - Life,1726.1,66.59336,8.601513,13.7,,2.14,11.1,12.8,stable,480.58,-72.2,1,16,🔴 AVOID,0,4,0,12,0,"Healthy revenue CAGR (11.1%), Appears overvalued vs blended intrinsic estimate (~-80%)",95.45454545454545,81.81818181818183,43.0
JUBLFOOD,Jubilant FoodWorks Limited,Consumer Cyclical,Restaurants,460.6,82.54481,13.215884,0.0,205.318,4.42,20.2,6.7,contracting,162.06,-64.8,1,15,🔴 AVOID,0,0,0,15,0,"High leverage, Strong revenue CAGR (20.2%), Consistent YoY growth, Appears overvalued vs blended intrinsic estimate (~-86%)",88.88888888888889,48.38709677419355,28.0
PAYTM,One97 Communications Limited,Technology,Software - Infrastructure,1732.0,173.02696,6.928804,0.0,1.073,7.25,1.2,,expanding,651.24,-62.4,1,13,🔴 AVOID,0,0,3,10,0,"Margins expanding, Appears overvalued vs blended intrinsic estimate (~-86%)",100.0,31.25,16.0
RVNL,Rail Vikas Nigam Limited,Industrials,Engineering & Construction,195.87,45.445477,4.157981,0.0,49.078,4.32,0.2,-13.3,contracting,169.11,-13.7,1,13,🔴 AVOID,0,0,8,5,0,"Manageable debt level, Profit growth declining/negative, Appears overvalued vs blended intrinsic estimate (~-66%)",67.56756756756756,47.368421052631575,38.0
SAPPHIRE,Sapphire Foods India Limited,Consumer Cyclical,Restaurants,215.03,,4.969609,0.0,102.058,-0.5,11.3,,contracting,157.5,-26.8,1,13,🔴 AVOID,0,0,3,10,0,"Healthy revenue CAGR (11.3%), Consistent YoY growth, Appears overvalued vs blended intrinsic estimate (~-64%)",,48.38709677419355,29.0
GMDCLTD,Gujarat Mineral Development Corporation Limited,Energy,Thermal Coal,477.1,15.866312,2.1463244,0.0,4.475,33.82,-8.8,-7.4,contracting,345.28,-27.6,1,13,🔴 AVOID,9,9,0,0,0,"High net margin (33.8%), High leverage, Declining revenue trend (-8.8%), Profit growth declining/negative",71.42857142857143,57.14285714285714,7.0
AARTIIND,Aarti Industries Limited,Basic Materials,Specialty Chemicals,491.25,33.62423,2.9819536,0.0,83.392,5.9,7.9,-8.4,contracting,375.81,-23.5,1,12,🔴 AVOID,4,0,3,5,0,"Profit growth declining/negative, Appears overvalued vs blended intrinsic estimate (~-53%)",61.76470588235294,51.42857142857142,35.0
DEVYANI,Devyani International Limited,Consumer Cyclical,Restaurants,128.98,,10.314274,0.0,203.327,-0.47,23.3,,contracting,73.56,-43.0,1,12,🔴 AVOID,0,0,0,12,0,"High leverage, Strong revenue CAGR (23.3%), Consistent YoY growth, Appears overvalued vs blended intrinsic estimate (~-39%)",,48.38709677419355,30.0
WESTLIFE,Westlife Foodworld Limited,Consumer Cyclical,Restaurants,586.4,287.451,14.997059,0.0,291.521,1.18,4.8,-33.8,contracting,113.49,-80.6,1,8,🔴 AVOID,0,0,0,8,0,"High leverage, Profit growth declining/negative, Consistent YoY growth, Appears overvalued vs blended intrinsic estimate (~-93%)",96.29629629629629,48.38709677419355,31.0
